frame,DetObj#,x,y,z,v,Azimuth,Elevation,snr,noise
0,0,0.33647844195365906,1.4729634523391724,0.28841009736061096,0.0,12.867647941799259,10.806923721229614,90,427
0,1,0.19227339327335358,1.526122808456421,-1.1441796437443395e-14,0.0,7.180755503550125,-4.2619431731943363e-13,90,427
0,2,0.38454678654670715,1.4408650398254395,0.37689709663391113,0.03864889591932297,14.943152065555376,14.183418349630895,157,453
0,3,0.33647844195365906,1.427887201309204,0.46253660321235657,0.07729779183864594,13.259718509186365,17.499797169927035,76,454
0,4,0.43261513113975525,1.4009770154953003,0.46489474177360535,0.07729779183864594,17.160442709141158,17.591921769087634,76,454
0,5,0.24034173786640167,1.4928104877471924,0.28244030475616455,-0.07729779183864594,9.146105735919834,10.580624383181473,53,440
0,6,0.28841009736061096,1.4767940044403076,0.31924745440483093,-0.03864889591932297,11.050476713054785,11.978688922299641,143,438
1,0,0.09613669663667679,1.5030955076217651,0.31221988797187805,0.0,3.659604042098105,11.711224915304088,114,416
1,1,0.19227339327335358,1.5091443061828613,-0.22701121866703033,-0.07729779183864594,7.260684600385494,-8.486919366881342,51,438
1,2,0.19227339327335358,1.4848170280456543,-0.3526601791381836,-0.03864889591932297,7.378343407676963,-13.254097411375948,119,441
2,0,0.43261513113975525,1.4756765365600586,0.0352499820291996,0.0,16.33923398783541,1.3131380302815745,86,427
2,1,-0.048068348318338394,1.534427285194397,-0.09613669663667679,0.0,-1.7942936275725145,-3.5833215301400037,86,427
2,2,0.048068348318338394,1.4531136751174927,0.5021651983261108,0.03864889591932297,1.894627809975834,19.054391497678015,133,458
2,3,0.0,1.5079104900360107,0.3036866784095764,0.07729779183864594,0.0,11.386803471310916,78,438
2,4,0.14420504868030548,1.5040093660354614,0.28841009736061096,0.07729779183864594,5.4768014719101785,10.806923269701809,78,438
2,5,0.14420504868030548,1.144592046737671,-8.581347539840783e-15,-0.07729779183864594,7.180756057150847,-4.261943495117096e-13,46,464
2,6,0.14420504868030548,1.1445739269256592,0.00644171005114913,-0.03864889591932297,7.180868549420999,0.3199304843574227,126,470
3,0,0.21630758047103882,1.1203523874282837,-0.170022651553154,0.0,10.92769690483092,-8.47508049899305,131,433
3,1,0.10815379023551941,1.1147407293319702,-0.27666226029396057,0.03864889591932297,5.541576573138923,-13.87572364140866,123,467
3,2,0.18025630712509155,1.1101235151290894,-0.2569425702095032,0.03864889591932297,9.222908467301108,-12.86903534809691,123,467
3,3,0.14420504868030548,1.124040961265564,-0.215923473238945,0.07729779183864594,7.310635609751145,-10.787502781981544,111,445
3,4,0.19227339327335358,1.5214018821716309,-0.11994650214910507,0.1159466877579689,7.202803803534338,-4.472415531096168,53,444
3,5,0.0,1.7642351388931274,0.7644474506378174,-0.07729779183864594,0.0,23.427204239097343,50,440
3,6,0.3004271686077118,1.872459053993225,0.31709030270576477,-0.07729779183864594,9.11514959511291,9.492376500454172,50,440
3,7,0.14420504868030548,1.4862247705459595,0.3692702054977417,-0.03864889591932297,5.541932851331862,13.89058058608798,131,445
4,0,0.3004271686077118,1.8991178274154663,-0.0006401899736374617,0.0,8.98930004651811,-0.019077099258569628,112,410
4,1,0.38454678654670715,1.4625576734542847,0.28119122982025146,0.03864889591932297,14.731222109208543,10.53329693010018,162,438
4,2,0.33647844195365906,1.4980319738388062,0.0932854637503624,0.07729779183864594,12.659312641593967,3.476914484729917,99,443
4,3,0.28841009736061096,1.4986227750778198,0.19227339327335358,0.1159466877579689,10.893395023819188,7.180755839534236,51,438
4,4,0.38454678654670715,1.4845054149627686,0.11994650214910507,0.1159466877579689,14.522701283587978,4.472415707949095,51,438
4,5,0.28841009736061096,1.5059083700180054,0.12279772758483887,-0.07729779183864594,10.841944724944947,4.578952946234341,99,449
4,6,0.28841009736061096,1.5021648406982422,0.1622958779335022,-0.03864889591932297,10.868321114291087,6.056616462289044,183,439
5,0,0.24034173786640167,1.5167698860168457,0.08754774928092957,0.0,9.004016236055454,3.2628206599787606,125,420
5,1,0.28841009736061096,1.4971181154251099,0.203657865524292,0.03864889591932297,10.904080973236786,7.608372386993028,103,431
5,2,0.24034173786640167,1.49796724319458,0.2536722719669342,0.07729779183864594,9.115149706243086,9.49237759245764,62,435
5,3,0.19227339327335358,1.526122808456421,-1.1441796437443395e-14,-0.07729779183864594,7.180755503550125,-4.2619431731943363e-13,61,440
5,4,0.28841009736061096,1.5105074644088745,-0.034737829118967056,-0.03864889591932297,10.809712802374234,-1.2940558908695106,97,443
6,0,0.24034173786640167,1.846099853515625,0.48068347573280334,0.0,7.417556055069551,14.477512677723318,72,410
6,1,0.42059803009033203,1.8497848510742188,0.3135262727737427,0.0,12.809932176004153,9.384714293909107,72,410
6,2,0.43261513113975525,1.4734463691711426,0.08842677623033524,0.03864889591932297,16.36264263867563,3.2956173551672108,133,449
6,3,0.28841009736061096,1.469854712486267,0.3498089611530304,0.07729779183864594,11.101353836695461,13.145011507356273,61,438
6,4,0.43261513113975525,1.475905418395996,-0.023809799924492836,-0.03864889591932297,16.33683524642936,-0.8869243083803833,108,444
7,0,0.38454678654670715,1.4871466159820557,0.08086012303829193,0.0,14.497996543556852,3.0133396419039276,183,413
7,1,0.33647844195365906,1.487157940864563,0.20288705825805664,0.03864889591932297,12.748862227515792,7.579406494776494,205,455
7,2,0.38454678654670715,1.4762438535690308,0.19709832966327667,0.07729779183864594,14.600511227134522,7.36193620430419,147,445
7,3,0.43261513113975525,1.4729634523391724,0.09613669663667679,-0.07729779183864594,16.367720105524857,3.583321891091331,51,446
7,4,0.24034173786640167,1.4845306873321533,0.3231479227542877,-0.07729779183864594,9.19624785497525,12.12725157367441,51,446
7,5,0.38454678654670715,1.4593088626861572,0.2975921332836151,-0.03864889591932297,14.76258691234005,11.155323726210879,138,454
8,0,0.38454678654670715,1.4889578819274902,0.03387989476323128,0.0,14.481102174504223,1.2620908945900706,186,414
8,1,0.38454678654670715,1.477500081062317,0.18744845688343048,0.03864889591932297,14.588627144848138,6.999647291828389,231,449
8,2,0.33647844195365906,1.488548755645752,0.19241756200790405,0.07729779183864594,12.737339194333943,7.1861684600177025,166,440
8,3,0.24034173786640167,1.5162497758865356,0.09613669663667679,0.1159466877579689,9.007054204475075,3.5833216255430886,50,439
8,4,0.38454678654670715,1.461252212524414,0.2878979444503784,0.1159466877579689,14.743809668504092,10.787502701417981,50,439
8,5,0.33647844195365906,1.4331554174423218,0.445945680141449,0.15459558367729187,13.212689087460497,16.852950939814964,30,435
8,6,0.06008543446660042,1.7060906887054443,0.88461834192276,-0.6183823347091675,2.017020292581004,27.3925038401352,32,437
8,7,0.33647844195365906,1.4978516101837158,-0.09613669663667679,-0.1159466877579689,12.660787874525825,-3.5833218877463664,43,442
8,8,0.5287518501281738,1.431528925895691,-0.19278553128242493,-0.1159466877579689,20.272295180088342,-7.199983351435199,43,442
8,9,0.28841009736061096,1.5103245973587036,0.041937608271837234,-0.07729779183864594,10.810990777632927,1.5623234378953401,112,450
8,10,0.38454678654670715,1.4836885929107666,0.12965990602970123,-0.07729779183864594,14.530358198136968,4.835426742397476,112,450
8,11,0.38454678654670715,1.4800493717193604,0.16612450778484344,-0.03864889591932297,14.564568592216553,6.2000481916608505,201,447
9,0,0.33647844195365906,1.4914495944976807,0.1684635877609253,0.0,12.713371270208368,6.287696434543631,92,408
9,1,-0.14420504868030548,1.2390650510787964,-0.8999680876731873,0.0,-6.638341554903763,-35.808895514991455,92,408
9,2,0.38454678654670715,1.4299794435501099,0.41629573702812195,0.03864889591932297,15.051761779930866,15.7023842404524,122,458
9,3,0.48068347573280334,1.4132444858551025,0.37108340859413147,0.03864889591932297,18.78458710733044,13.960166032315005,122,458
9,4,0.33647844195365906,1.390168309211731,0.5658921599388123,0.07729779183864594,13.60628153101351,21.58588742079089,63,449
9,5,0.06008543446660042,1.9180339574813843,0.12017086893320084,-0.4637867510318756,1.7942937390863236,3.583321752187493,32,431
9,6,0.24034173786640167,1.3105487823486328,0.7685814499855042,-0.03864889591932297,10.392007296482022,29.977975311291335,93,445
9,7,0.38454678654670715,1.4211729764938354,0.44543349742889404,-0.03864889591932297,15.140762170953153,16.83301716986151,93,445
10,0,0.28841009736061096,1.5096378326416016,0.06191101670265198,0.0,10.81579293363911,2.3067403722525417,123,416
10,1,0.33647844195365906,1.4914495944976807,0.1684635877609253,0.03864889591932297,12.713371270208368,6.287696434543631,170,458
10,2,0.33647844195365906,1.4507004022598267,0.3850589394569397,0.07729779183864594,13.05840097783748,14.497215576340109,111,435
10,3,0.0,1.5381871461868286,0.0,0.38648897409439087,0.0,0.0,30,434
10,4,-0.24034173786640167,1.441249132156372,-0.48068347573280334,0.38648897409439087,-9.467487798090225,-18.209956118725085,30,434
10,5,0.33647844195365906,1.498542070388794,0.08469651639461517,-0.07729779183864594,12.655142282818058,3.156448540337951,112,454
10,6,0.38454678654670715,1.4884878396987915,0.05047083646059036,-0.03864889591932297,14.485482734556724,1.8803206988840113,181,464
11,0,0.28841009736061096,1.5105074644088745,-0.034737829118967056,0.0,10.809712802374234,-1.2940558908695106,139,413
11,1,0.42059803009033203,1.874884009361267,0.06937513500452042,0.03864889591932297,12.643994066319737,2.067766847236796,109,444
11,2,0.14420504868030548,1.5102566480636597,-0.2536722719669342,0.07729779183864594,5.454283202883427,-9.492377134019932,50,443
11,3,0.28841009736061096,1.5096378326416016,-0.06191101670265198,-0.07729779183864594,10.81579293363911,-2.3067403722525417,71,458
11,4,0.19227339327335358,1.5239791870117188,-0.08086012303829193,-0.03864889591932297,7.190750264806488,-3.0133394304614276,142,453
12,0,0.18025630712509155,1.132680892944336,0.12420927733182907,0.0,9.042298576098327,6.180859281480448,94,415
12,1,0.2523588240146637,1.1126914024353027,0.17064252495765686,0.0,12.778528763107323,8.506208238469045,94,415
12,2,0.048068348318338394,1.4722012281417847,0.4430944323539734,0.03864889591932297,1.8700809196738397,16.742011699686767,136,440
12,3,0.14420504868030548,1.4474456310272217,0.5001256465911865,0.07729779183864594,5.689447638794495,18.974036862969676,83,434
12,4,0.24034173786640167,1.4820066690444946,0.33453238010406494,0.07729779183864594,9.211641785187103,12.561347812963472,83,434
12,5,0.0,1.5213433504104614,0.22701121866703033,-0.03864889591932297,0.0,8.486919375566083,84,448
13,0,0.19227339327335358,1.5239791870117188,0.08086012303829193,0.0,7.190750264806488,3.0133394304614276,87,415
13,1,0.33647844195365906,1.4909945726394653,0.1724441647529602,0.03864889591932297,12.717124979824257,6.436887544615646,146,446
13,2,0.09613669663667679,1.5347869396209717,-0.034737829118967056,0.07729779183864594,3.5842368508433298,-1.2940558826157438,78,437
13,3,0.24034173786640167,1.5180532932281494,-0.061398863792419434,-0.07729779183864594,8.996528529967863,-2.2876478823980793,83,443
13,4,0.28841009736061096,1.5000394582748413,0.18088893592357635,-0.03864889591932297,10.883352769829331,6.753541868787573,148,443
14,0,0.43261513113975525,1.474980354309082,-0.05741829797625542,0.0,16.346534373208346,-2.1392654386078775,135,411
14,1,0.33647844195365906,1.4913214445114136,0.1695937067270279,0.03864889591932297,12.714428224944518,6.330048876491989,177,452
14,2,0.43261513113975525,1.4729634523391724,0.09613669663667679,0.07729779183864594,16.367720105524857,3.583321891091331,126,448
14,3,0.24034173786640167,1.5192943811416626,-0.0005121519789099693,0.15459558367729187,8.9892994623501,-0.019077097792481155,38,444
14,4,-0.24034173786640167,1.2488523721694946,-0.8652302622795105,0.15459558367729187,-10.893394076856111,-34.22886513745525,38,444
14,5,0.21630758047103882,1.1328805685043335,0.026053372770547867,0.19324448704719543,10.809713443602977,1.294055968378481,80,449
14,6,0.2523588240146637,1.125558614730835,0.017857350409030914,0.2318933755159378,12.63716406120153,0.8869243140438893,45,444
14,7,0.33647844195365906,1.495216965675354,0.13087452948093414,-0.07729779183864594,12.682375812881228,4.880833363622683,82,452
14,8,0.28841009736061096,1.4973340034484863,0.20206448435783386,-0.03864889591932297,10.902546484617082,7.548497702351854,168,450
15,0,0.28841009736061096,1.510895013809204,-0.005969794001430273,0.0,10.807005381137854,-0.2223688163032546,139,412
15,1,0.33647844195365906,1.4848803281784058,0.21893443167209625,0.03864889591932297,12.767776811227286,8.182856098291207,185,460
15,2,0.14420504868030548,1.1350526809692383,-0.14746646583080292,0.07729779183864594,7.24046773131596,-7.344045034721294,113,448
15,3,0.24034173786640167,1.5185296535491943,0.04820273444056511,0.1159466877579689,8.99375247134678,1.7957927482853802,146,447
15,4,0.28841009736061096,1.5105074644088745,0.034737829118967056,0.15459558367729187,10.809712802374234,1.2940558908695106,59,450
15,5,0.24034173786640167,1.5136470794677734,-0.13087452948093414,-0.1159466877579689,9.022287173694096,-4.880833243892765,47,436
15,6,0.38454678654670715,1.4772483110427856,0.189422145485878,-0.07729779183864594,14.591007406643032,7.0737231097260045,101,434
15,7,0.33647844195365906,1.4876199960708618,0.19947116076946259,-0.03864889591932297,12.745031782324398,7.451065454729417,183,438
16,0,0.24034173786640167,1.49796724319458,0.2536722719669342,0.0,9.115149706243086,9.49237759245764,135,410
16,1,0.5407689213752747,1.8357738256454468,0.1854957938194275,0.03864889591932297,16.413536144356815,5.536222604617095,114,446
16,2,0.33647844195365906,1.4547994136810303,0.3692702054977417,0.07729779183864594,13.02286374833094,13.89058085169397,76,446
16,3,-0.14420504868030548,1.5040093660354614,-0.28841009736061096,0.07729779183864594,-5.4768014719101785,-10.806923269701809,76,446
16,4,-0.5407689213752747,0.8852769136428833,-0.5047176480293274,0.5024356245994568,-31.4185547958575,-25.94447860693817,30,439
16,5,0.19227339327335358,1.5006846189498901,0.2774820625782013,-0.07729779183864594,7.301174230663422,10.39279833560192,61,439
16,6,0.24034173786640167,1.513631820678711,0.13105027377605438,-0.03864889591932297,9.022376630459146,4.887403548614477,139,436
17,0,0.24034173786640167,1.4962588548660278,0.26356223225593567,0.0,9.125382129596128,9.866088095017053,180,408
17,1,0.24034173786640167,1.8816730976104736,0.3137638568878174,0.03864889591932297,7.2788444770505345,9.391890038973058,167,453
17,2,0.3004271686077118,1.8321763277053833,0.4997791647911072,0.07729779183864594,9.312083907054417,15.065999148620417,109,441
17,3,0.06008543446660042,1.9180339574813843,0.12017086893320084,-0.15459558367729187,1.7942937390863236,3.583321752187493,32,433
17,4,0.18025630712509155,1.8800116777420044,0.3605126142501831,-0.15459558367729187,5.476801445702831,10.806923219360682,32,433
17,5,0.24034173786640167,1.5153096914291382,0.10996410250663757,-0.07729779183864594,9.012550408638514,4.099538882971548,147,442
17,6,0.19227339327335358,1.5180386304855347,0.15687324106693268,-0.03864889591932297,7.218593641828746,5.853533148602186,208,453
18,0,0.048068348318338394,1.5368396043777466,-0.042814627289772034,0.0,1.7914790292344869,-1.595003806615726,137,420
18,1,0.28841009736061096,1.4573814868927002,0.39859539270401,0.03864889591932297,11.193976898426923,15.018637641082172,201,463
18,2,0.24034173786640167,1.4497257471084595,0.4544788897037506,0.07729779183864594,9.413124514963318,17.185360524610342,132,448
18,3,0.14420504868030548,1.4420698881149292,0.5154212713241577,0.1159466877579689,5.710516822664088,19.57762091257648,45,441
18,4,-0.43261513113975525,1.1700091361999512,0.8999680876731873,0.5410845279693604,-20.292056806345236,35.80889609491565,39,430
18,5,0.24034173786640167,1.5191078186035156,-0.023809799924492836,-0.1159466877579689,8.990385412701384,-0.886924297178461,71,433
18,6,0.33647844195365906,1.499677300453186,0.061398863792419434,-0.1159466877579689,12.6458707603267,2.2876479813850055,71,433
18,7,0.24034173786640167,1.5058897733688354,0.20137450098991394,-0.07729779183864594,9.067993478939849,7.522572216805538,165,432
18,8,0.24034173786640167,1.5033255815505981,0.2196992188692093,-0.03864889591932297,9.083202934504316,8.211637490146606,230,446
19,0,0.33647844195365906,1.4820870161056519,0.23710724711418152,0.0,12.791049539235598,8.867340574578039,200,442
19,1,0.33647844195365906,1.4675289392471313,0.31489795446395874,0.03864889591932297,12.913704413837692,11.813119466591427,195,483
19,2,0.33647844195365906,1.4515150785446167,0.3819763958454132,0.07729779183864594,13.051322805986256,14.37864985344902,155,454
19,3,0.43261513113975525,1.4733409881591797,-0.09016690403223038,-0.07729779183864594,16.363750370554875,-3.3605445404088132,113,435
19,4,0.43261513113975525,1.4690428972244263,0.14414164423942566,-0.03864889591932297,16.409055183689528,5.377006945046352,174,448
20,0,0.24034173786640167,1.4845306873321533,0.3231479227542877,0.0,9.19624785497525,12.12725157367441,150,430
20,1,0.38454678654670715,1.4610954523086548,0.28869277238845825,0.03864889591932297,14.745322601852534,10.817642873742084,170,468
20,2,0.33647844195365906,1.457641839981079,0.3578857481479645,0.07729779183864594,12.998332147034068,13.454154022633642,127,438
20,3,0.33647844195365906,1.341615080833435,0.6729568839073181,0.1159466877579689,14.0794311430377,25.94447988724185,37,435
20,4,0.06008543446660042,1.8254504203796387,0.6008543372154236,-0.07729779183864594,1.8852329804939614,18.209957238289633,48,448
20,5,0.48068347573280334,1.839925765991211,-0.2837640345096588,-0.07729779183864594,14.641364204756648,-8.486920058690155,48,448
20,6,0.0,1.3611901998519897,0.7163664102554321,-0.03864889591932297,0.0,27.75690951642366,130,447
20,7,0.48068347573280334,1.4454619884490967,-0.21354784071445465,-0.03864889591932297,18.394370639510626,-7.980198771073004,130,447
21,0,0.28841009736061096,1.496580958366394,0.20756904780864716,0.0,10.907900829858242,7.755378486062768,129,439
21,1,0.5287518501281738,1.4430819749832153,0.06289616972208023,0.03864889591932297,20.12306567114213,2.3434663315282473,146,490
21,2,0.18025630712509155,1.1382241249084473,0.053287457674741745,0.07729779183864594,8.998984305354126,2.6474742953545514,93,465
21,3,0.28841009736061096,1.5103087425231934,-0.04250892624258995,0.1159466877579689,10.811101593986796,-1.5836123084613019,200,444
21,4,0.33647844195365906,1.5009006261825562,0.009956322610378265,0.15459558367729187,12.635894701152921,0.3708646682145478,186,439
21,5,0.28841009736061096,1.5098681449890137,0.056012265384197235,0.19324448704719543,10.81418202034999,2.086856714019622,113,446
21,6,0.07210252434015274,1.1476956605911255,0.09209829568862915,-0.07729779183864594,3.5948102974723803,4.5789527280113385,68,452
21,7,0.07210252434015274,1.1183494329452515,0.2738284468650818,-0.03864889591932297,3.6888833474422755,13.730795747885525,120,471
21,8,0.6609397530555725,1.8048655986785889,-0.05024433881044388,-0.03864889591932297,20.11267382460493,-1.4974075657433146,126,458
22,0,0.048068348318338394,1.484346628189087,-0.40053027868270874,0.0,1.8547900500701984,-15.093270352826716,103,474
22,1,0.5287518501281738,1.4330230951309204,0.1813453584909439,0.0,20.25287588664437,6.770661799152211,103,474
22,2,0.33647844195365906,1.5006442070007324,-0.029480313882231712,0.03864889591932297,12.637984482767507,-1.098176469299714,127,513
22,3,0.38454678654670715,1.4893367290496826,0.004410873167216778,0.07729779183864594,14.477573394132532,0.1643004038827636,103,478
22,4,0.38454678654670715,1.2753974199295044,0.7690935730934143,0.1159466877579689,16.778654718641363,29.999999773632812,38,450
22,5,0.38454678654670715,1.489343285560608,-2.288359287488679e-14,0.15459558367729187,14.47751233817406,-8.523886762427053e-13,75,443
22,6,0.28841009736061096,1.5073084831237793,-0.10421349853277206,0.19324448704719543,10.832112195216443,-3.8848140813213887,106,449
22,7,0.33647844195365906,1.500807523727417,-0.01946125738322735,0.2318933755159378,12.636653394939628,-0.7249297750774347,125,446
22,8,0.28841009736061096,1.5107817649841309,0.019442178308963776,0.2705422639846802,10.807796399165738,0.724219010308888,81,443
22,9,0.24034173786640167,1.5162497758865356,0.09613669663667679,0.30919116735458374,9.007054204475075,3.5833216255430886,76,444
22,10,0.24034173786640167,1.5192943811416626,-0.0005121519789099693,0.3478400707244873,8.9892994623501,-0.019077097792481155,140,439
22,11,0.28841009736061096,1.5108836889266968,0.008352355100214481,0.38648897409439087,10.807084477792058,0.3111175728106939,144,440
22,12,0.28841009736061096,1.5073084831237793,0.10421349853277206,0.42513784766197205,10.832112195216443,3.8848140813213887,86,445
22,13,0.42059803009033203,1.8745965957641602,0.07674857974052429,-0.1159466877579689,12.64587030448172,2.287648021794637,41,440
22,14,0.14420504868030548,1.5300530195236206,0.06451742351055145,-0.07729779183864594,5.3841311443815,2.4039082126023996,120,451
22,15,0.09613669663667679,1.5289028882980347,0.1386840045452118,-0.03864889591932297,3.5979947806700814,5.1728513189055505,179,459
23,0,0.5407689213752747,1.8412044048309326,0.12017086893320084,0.0,16.36771956670646,3.58332167201713,170,484
23,1,0.33647844195365906,1.469049334526062,0.3077271580696106,0.03864889591932297,12.900786730590497,11.540370296882239,103,530
23,2,0.33647844195365906,1.500543475151062,0.03422567993402481,0.07729779183864594,12.638805619748323,1.2749741136286012,77,499
23,3,0.3605126142501831,1.8537812232971191,-0.3611527979373932,0.1159466877579689,11.005183430066712,-10.826345319410093,95,451
23,4,0.48068347573280334,1.839925765991211,-0.2837640345096588,0.15459558367729187,14.641364204756648,-8.486920058690155,80,453
23,5,0.33647844195365906,1.4946824312210083,-0.13684432208538055,0.19324448704719543,12.686764558621993,-5.104048528210799,61,450
23,6,0.28841009736061096,1.4906710386276245,-0.2464534044265747,0.2318933755159378,10.950102953061105,-9.219856762508435,80,448
23,7,0.33647844195365906,1.4967588186264038,0.1118697002530098,0.2705422639846802,12.669733287848626,4.170705732507981,114,444
23,8,0.33647844195365906,1.500685214996338,0.027307026088237762,0.30919116735458374,12.637650227478652,1.0172101621330347,195,441
23,9,0.33647844195365906,1.5003635883331299,0.04136711731553078,0.3478400707244873,12.640272266328349,1.541065370008352,207,435
23,10,0.24034173786640167,1.5179426670074463,0.06407635658979416,0.38648897409439087,8.99717346346306,2.3874645659678753,163,435
23,11,0.24034173786640167,1.5142821073532104,0.12330988049507141,0.42513784766197205,9.018565794196927,4.598091328545428,124,435
23,12,0.33647844195365906,1.4331554174423218,0.445945680141449,0.4637867510318756,13.212689087460497,16.852950939814964,43,445
23,13,0.12017086893320084,1.9038646221160889,0.24034173786640167,-0.30919116735458374,3.611686215023369,7.180755763728095,30,445
23,14,0.3605126142501831,1.8842111825942993,0.1291680783033371,-0.2705422639846802,10.8316877623076,3.851996327496639,98,446
23,15,0.3004271686077118,1.8977073431015015,0.073184534907341,-0.2318933755159378,8.995872183353885,2.181361731347658,111,442
23,16,0.3605126142501831,1.8823853731155396,0.15349715948104858,-0.19324448704719543,10.841945008939978,4.57895315846606,69,442
23,17,0.48068347573280334,1.8577549457550049,0.12081106007099152,-0.19324448704719543,14.506804143131014,3.60243655483493,69,442
23,18,0.3004271686077118,1.897566556930542,-0.07674857974052429,-0.15459558367729187,8.996528698204525,-2.287647953116911,34,439
23,19,0.42059803009033203,1.8745965957641602,0.07674857974052429,-0.15459558367729187,12.64587030448172,2.287648021794637,34,439
23,20,0.3605126142501831,1.8853323459625244,0.11161699891090393,-0.1159466877579689,10.825398657081486,3.327959335946206,124,439
23,21,0.5768201947212219,1.413266897201538,0.18967095017433167,-0.07729779183864594,22.202664081715216,7.083061421217175,139,463
23,22,0.048068348318338394,1.534257173538208,-0.09881418943405151,-0.07729779183864594,1.7944924408548018,-3.6832560913741963,139,463
23,23,0.6008543372154236,1.8249595165252686,0.0735028088092804,-0.03864889591932297,18.223744793615154,2.19085285794801,203,471
24,0,0.38454678654670715,1.4644443988800049,0.27119383215904236,0.0,14.713066956435961,10.154751748642669,160,513
24,1,0.42059803009033203,1.848097324371338,0.323324978351593,0.03864889591932297,12.821242707604833,9.680795948446118,126,539
24,2,0.3605126142501831,1.8564366102218628,0.3472455143928528,0.07729779183864594,10.989825495598764,10.404703113257094,54,518
24,3,0.33647844195365906,1.494614839553833,0.1375812292098999,0.1159466877579689,12.687319726547468,5.131607186023079,117,451
24,4,0.28841009736061096,1.5059083700180054,-0.12279772758483887,0.15459558367729187,10.841944724944947,-4.578952946234341,74,442
24,5,0.28841009736061096,1.5105074644088745,0.034737829118967056,0.19324448704719543,10.809712802374234,1.2940558908695106,65,447
24,6,0.28841009736061096,1.5102026462554932,-0.046122293919324875,0.2318933755159378,10.811843204805987,-1.7182622751252001,67,452
24,7,0.24034173786640167,1.519060492515564,0.026661034673452377,0.2705422639846802,8.990660931581932,0.9931439434831025,53,453
24,8,0.33647844195365906,1.495216965675354,0.13087452948093414,0.2705422639846802,12.682375812881228,4.880833363622683,53,453
24,9,0.24034173786640167,1.5191078186035156,-0.023809799924492836,0.30919116735458374,8.990385412701384,-0.886924297178461,112,454
24,10,0.28841009736061096,1.5109004974365234,0.004348541144281626,0.3478400707244873,10.806967082116389,0.16197859415403382,185,440
24,11,0.28841009736061096,1.5107738971710205,-0.020037304610013962,0.38648897409439087,10.807851358353162,-0.7463886790430626,212,437
24,12,0.28841009736061096,1.5108919143676758,-0.006712606642395258,0.42513784766197205,10.807027028529507,-0.25003800236635004,233,438
24,13,0.28841009736061096,1.510565996170044,0.032084088772535324,0.4637867510318756,10.809303813389501,1.195183772717751,188,442
24,14,0.28841009736061096,1.4999223947525024,0.18185751140117645,0.5024356245994568,10.884181889114041,6.789873465462542,103,435
24,15,0.42059803009033203,1.8690211772918701,0.16359315812587738,-0.2318933755159378,12.682375356389331,4.880833339174528,64,451
24,16,0.3605126142501831,1.888134241104126,0.043422285467386246,-0.19324448704719543,10.809713084039089,1.2940559231650817,62,451
24,17,0.24034173786640167,1.8974626064300537,-0.19691944122314453,-0.15459558367729187,7.218916054744485,-5.8783332362806835,47,444
24,18,-0.5407689213752747,1.642212986946106,0.8411960601806641,-0.15459558367729187,-18.226342217252782,25.94448030169886,47,444
24,19,0.43261513113975525,1.4744856357574463,0.06896351277828217,-0.1159466877579689,16.35172600509229,2.5696763831509104,102,444
24,20,0.33647844195365906,1.4891986846923828,0.18732154369354248,-0.07729779183864594,12.73196149057394,6.994884172927979,207,465
24,21,0.38454678654670715,1.4725260734558105,0.22318220138549805,-0.03864889591932297,14.63579316203035,8.342740708802598,236,499
25,0,0.38454678654670715,1.4804481267929077,0.16253234446048737,0.0,14.560812420065304,6.065473959708255,175,496
25,1,0.38454678654670715,1.4838062524795532,0.12830668687820435,0.03864889591932297,14.529254766793626,4.784842591523539,135,524
25,2,0.38454678654670715,1.4860589504241943,0.09885523468255997,0.07729779183864594,14.50816016502389,3.6847882193709967,147,501
25,3,0.28841009736061096,1.5095534324645996,0.06393422931432724,0.1159466877579689,10.816383387062082,2.3821660611537037,138,458
25,4,0.38454678654670715,1.4892330169677734,0.01812579669058323,0.1159466877579689,14.478539255426018,0.6751816112217216,138,458
25,5,0.19227339327335358,1.5259449481964111,0.02329764887690544,0.15459558367729187,7.181583735887121,0.8678449596649054,85,456
25,6,0.33647844195365906,1.495216965675354,0.13087452948093414,-0.15459558367729187,12.682375812881228,4.880833363622683,47,440
25,7,0.48068347573280334,1.4580188989639282,0.09562454372644424,-0.15459558367729187,18.246489172328786,3.5642073466854445,47,440
25,8,0.38454678654670715,1.4388422966003418,0.38454678654670715,-0.1159466877579689,14.96321772696405,14.477512452955395,69,456
25,9,0.38454678654670715,1.4863781929016113,0.0939311534166336,-0.07729779183864594,14.50517557857063,3.501010589879866,192,480
25,10,0.43261513113975525,1.4718854427337646,0.11143235117197037,-0.03864889591932297,16.37906554022981,4.154371658501631,229,499
26,0,0.48068347573280334,1.3766441345214844,0.48970818519592285,0.0,19.247693446906524,18.56420255565974,159,493
26,1,0.42059803009033203,1.8625622987747192,0.2255314141511917,0.03864889591932297,12.724924885981451,6.736145380067235,134,522
26,2,0.3605126142501831,1.8660448789596558,0.29122626781463623,0.07729779183864594,10.934606272657547,8.711816335965654,87,484
26,3,0.33647844195365906,1.4769699573516846,0.2671356499195099,-0.15459558367729187,12.833899870260785,10.001220536171795,81,439
26,4,0.09613669663667679,1.3481465578079224,-0.7343557476997375,-0.1159466877579689,4.078873030017884,-28.516797151969133,62,441
26,5,0.48068347573280334,1.4222882986068726,0.33475226163864136,-0.07729779183864594,18.673446682333864,12.569739544858272,196,474
26,6,0.5287518501281738,1.374874234199524,0.4429018795490265,-0.03864889591932297,21.035843543961875,16.734521780598886,206,490
26,7,-0.048068348318338394,1.3179653882980347,-0.7916290163993835,-0.03864889591932297,-2.088744767194536,-30.974105946615694,206,490
27,0,0.048068348318338394,1.3767025470733643,0.6843970417976379,0.0,1.9997022136734506,26.41933540845579,75,499
27,1,0.5287518501281738,1.4435245990753174,-0.05174778774380684,0.0,20.117390218873094,-1.9279119963578888,75,499
27,2,0.48068347573280334,1.8438597917556763,0.25696253776550293,0.03864889591932297,14.61146386459157,7.680237385916441,116,522
27,3,0.3004271686077118,1.8663721084594727,0.35114672780036926,0.07729779183864594,9.144376086305757,10.522922330400414,106,487
27,4,0.06008543446660042,1.6880453824996948,0.9185848832130432,0.1159466877579689,2.0385642638396737,28.53851180590991,67,442
27,5,0.6609397530555725,1.4458009004592896,-1.0815378427505493,0.1159466877579689,24.56724341513921,-34.22886693655001,67,442
27,6,0.10815379023551941,1.1280070543289185,0.21630758047103882,0.15459558367729187,5.476801515589089,10.806923353603679,45,439
27,7,0.14420504868030548,1.5283920764923096,-0.09613669663667679,0.19324448704719543,5.389947778138152,-3.5833217000679802,41,445
27,8,0.24034173786640167,1.5162497758865356,0.09613669663667679,0.2318933755159378,9.007054204475075,3.5833216255430886,33,442
27,9,0.03605126217007637,1.1110680103302002,0.30840587615966797,-0.19324448704719543,1.8584467408909406,15.505613222870526,77,438
27,10,0.19227339327335358,1.481321096420288,0.36706778407096863,-0.15459558367729187,7.395563823554939,13.806085733523325,126,439
27,11,0.33647844195365906,1.4752075672149658,0.2767030894756317,-0.1159466877579689,12.848723579454346,10.363299799666613,196,447
27,12,0.38454678654670715,1.4618349075317383,0.2849244773387909,-0.07729779183864594,14.738188588973957,10.674772851762988,210,474
27,13,0.43261513113975525,1.460065484046936,0.21696223318576813,-0.03864889591932297,16.504474526492142,8.108645030476001,178,495
28,0,0.24034173786640167,1.4811487197875977,0.33831050992012024,0.0,9.21688603982055,12.705571186631731,189,501
28,1,0.42059803009033203,1.839648962020874,0.3683678209781647,0.03864889591932297,12.878163810116595,11.045322859797723,133,523
28,2,0.42059803009033203,1.8184993267059326,0.4615877568721771,0.07729779183864594,13.022862667552355,13.890580472291457,109,484
28,3,0.14420504868030548,1.1182570457458496,0.24411526322364807,0.1159466877579689,7.348035908418221,12.216384586416632,105,444
28,4,0.14420504868030548,1.107659935951233,0.28841009736061096,0.15459558367729187,7.417556200365678,14.47751294787376,122,442
28,5,0.24034173786640167,1.4899934530258179,0.2969433069229126,0.19324448704719543,9.163104618861617,11.130690561807654,107,437
28,6,0.09613669663667679,1.5230917930603027,-0.19227339327335358,0.2318933755159378,3.6116860453113526,-7.180755430271158,45,438
28,7,0.24034173786640167,1.5136470794677734,-0.13087452948093414,0.2318933755159378,9.022287173694096,-4.880833243892765,45,438
28,8,0.38454678654670715,1.4719406366348267,0.22701121866703033,-0.1159466877579689,14.641364194981772,8.486919594213123,117,450
28,9,0.33647844195365906,1.4670377969741821,0.3171781301498413,-0.07729779183864594,12.917882725272834,11.899905179921342,173,493
28,10,0.28841009736061096,1.4780985116958618,0.31315192580223083,-0.03864889591932297,11.04096378020171,11.746682410806056,220,514
29,0,0.24034173786640167,1.5172057151794434,0.07963889092206955,0.0,9.001472118273902,2.967788028165805,183,484
29,1,0.28841009736061096,1.5037829875946045,0.14654704928398132,0.03864889591932297,10.856904332883667,5.467008340123406,146,522
29,2,0.19227339327335358,1.5110752582550049,0.213781476020813,0.07729779183864594,7.251505241035773,7.988985996236926,196,483
29,3,0.14420504868030548,1.1221694946289062,0.225447416305542,0.1159466877579689,7.322695492951807,11.269412976863498,232,448
29,4,0.14420504868030548,1.1193537712097168,0.2390359491109848,0.15459558367729187,7.340914985392062,11.95839967660076,200,446
29,5,0.18025630712509155,1.1146507263183594,0.23653261363506317,0.19324448704719543,9.186089050884693,11.831342267009369,150,449
29,6,0.10815379023551941,1.0815523862838745,0.3865659832954407,0.2318933755159378,5.710517174373382,19.57762279448559,63,444
29,7,0.24034173786640167,1.5162497758865356,0.09613669663667679,-0.15459558367729187,9.007054204475075,3.5833216255430886,30,445
29,8,0.24034173786640167,1.9038240909576416,0.12081106007099152,-0.1159466877579689,7.19504780094714,3.602436419231726,65,444
29,9,0.19227339327335358,1.52605402469635,-0.014487698674201965,-0.07729779183864594,7.181075782661695,-0.5396588059552885,207,455
29,10,0.24034173786640167,1.5185829401016235,0.04649132862687111,-0.03864889591932297,8.993442041921325,1.7320146244283765,220,508
30,0,0.48068347573280334,1.4474714994430542,0.19947317242622375,0.0,18.370549482564144,7.451140781821899,137,485
30,1,0.33647844195365906,1.4878751039505005,0.19755910336971283,0.03864889591932297,12.742917903604697,7.379242880241774,183,521
30,2,0.33647844195365906,1.4755845069885254,0.2746860384941101,0.07729779183864594,12.845550256735855,10.286929977345803,159,475
30,3,0.07210252434015274,1.1356217861175537,0.18987008929252625,0.1159466877579689,3.632928321447095,9.473035369811592,95,435
30,4,-0.3244613707065582,0.8244170546531677,-0.7388826012611389,0.1159466877579689,-21.48284284089784,-39.82755667872673,95,435
30,5,0.3605126142501831,1.8619332313537598,0.3164501488208771,0.15459558367729187,10.958168890006947,9.473036526420485,89,433
30,6,0.19227339327335358,1.3982301950454712,0.6115579605102539,0.19324448704719543,7.829749809088852,23.427202476802716,35,442
30,7,0.09613669663667679,1.5347869396209717,-0.034737829118967056,-0.19324448704719543,3.5842368508433298,-1.2940558826157438,34,441
30,8,0.19227339327335358,1.4899357557296753,0.33036676049232483,-0.15459558367729187,7.35327274046457,12.402426878063721,123,430
30,9,0.19227339327335358,1.5118610858917236,0.20815081894397736,-0.1159466877579689,7.247776179846111,7.777249588980374,141,451
30,10,0.3605126142501831,1.843444585800171,-0.41066813468933105,-0.07729779183864594,11.065373216029705,-12.332556645112604,73,474
30,11,0.28841009736061096,1.51076340675354,0.020811403170228004,-0.03864889591932297,10.807924638128876,0.7752255544385172,154,509
31,0,0.33647844195365906,1.4957938194274902,0.12410824745893478,0.0,12.677642957943194,4.6279262941945145,172,485
31,1,0.38454678654670715,1.4792572259902954,0.1730363368988037,0.03864889591932297,14.57203603220581,6.459085456105858,227,505
31,2,0.38454678654670715,1.472251296043396,0.22498801350593567,0.07729779183864594,14.638407434965213,8.410730301806284,195,465
31,3,0.28841009736061096,1.4948854446411133,0.2194465845823288,0.1159466877579689,10.919975409296562,8.20212981068045,85,455
31,4,0.3605126142501831,1.8373184204101562,0.4372611939907074,0.15459558367729187,11.101353437369774,13.145011102689335,48,441
31,5,0.03605126217007637,1.1372729539871216,0.19025419652462006,-0.30919116735458374,1.8156535740130253,9.492376927814867,74,445
31,6,0.10815379023551941,1.1320053339004517,0.1943010538816452,-0.2705422639846802,5.457574275478462,9.696215843525614,140,442
31,7,0.10815379023551941,1.1157989501953125,0.27236273884773254,-0.2318933755159378,5.536353624524472,13.655872750692973,175,442
31,8,0.14420504868030548,1.0674827098846436,0.41300347447395325,-0.19324448704719543,7.693449282576672,20.977430069672696,141,441
31,9,0.10815379023551941,1.123907446861267,0.23668746650218964,-0.15459558367729187,5.496656775983636,11.83920059545405,119,457
31,10,0.33647844195365906,1.479827880859375,0.2508210241794586,-0.1159466877579689,12.809932834299577,9.384714488877544,48,487
31,11,-0.19227339327335358,1.4534260034561157,-0.4654069244861603,-0.1159466877579689,-7.535888049021705,-17.61193619878123,48,487
31,12,0.24034173786640167,1.5142196416854858,-0.12407468259334564,-0.07729779183864594,9.018931719414832,-4.6266719005964925,70,511
31,13,0.38454678654670715,1.489081859588623,0.027906028553843498,-0.03864889591932297,14.47994719638686,1.0395258895587185,161,517
32,0,0.24034173786640167,1.5161774158477783,0.09727270901203156,0.0,9.007477021289276,3.625720490701711,205,431
32,1,0.10815379023551941,1.1270571947097778,0.2212034910917282,0.03864889591932297,5.481389146204487,11.054572918492445,163,465
32,2,0.10815379023551941,1.1137938499450684,0.28044983744621277,0.07729779183864594,5.546258320182812,14.069570470728769,141,447
32,3,0.28841009736061096,1.469854712486267,0.3498089611530304,0.1159466877579689,11.101353836695461,13.145011507356273,33,453
32,4,0.6008543372154236,1.3754185438156128,1.2017086744308472,-0.30919116735458374,23.59820729392062,38.682185800030865,40,429
32,5,-0.8411960601806641,1.465152621269226,-0.9179446697235107,-0.30919116735458374,-29.86166106725011,-28.516798577485652,40,429
32,6,0.2523588240146637,1.109506368637085,-0.19025419652462006,-0.1159466877579689,12.814002403614918,-9.492377313899786,49,425
32,7,0.24034173786640167,1.5187333822250366,-0.04128880426287651,-0.07729779183864594,8.992565731705374,-1.5381472008846995,175,444
32,8,0.33647844195365906,1.5002009868621826,-0.046892207115888596,-0.07729779183864594,12.641598270813752,-1.7469538352628853,175,444
32,9,0.28841009736061096,1.510839581489563,0.014256632886826992,-0.03864889591932297,10.807392549350562,0.5310514795909427,205,461
33,0,0.28841009736061096,1.4946504831314087,0.22104144096374512,0.0,10.921650768340863,8.262154798312302,238,439
33,1,0.14420504868030548,1.500966191291809,0.303850382566452,0.03864889591932297,5.487837842092452,11.393023740327207,228,485
33,2,0.14420504868030548,1.495393991470337,0.33018383383750916,0.07729779183864594,5.508161323728019,12.395450769641391,199,461
33,3,0.14420504868030548,1.5314126014709473,0.0005121519789099693,0.1159466877579689,5.379379187583935,0.01907709745190365,63,440
33,4,0.14420504868030548,1.5283920764923096,-0.09613669663667679,-0.5024356245994568,5.389947778138152,-3.5833217000679802,34,445
33,5,0.33647844195365906,1.4657344818115234,-0.3231479227542877,-0.5024356245994568,12.928983358185583,-12.127252092780367,34,445
33,6,0.28841009736061096,1.5047229528427124,-0.13655853271484375,-0.4637867510318756,10.85028331422036,-5.093360788882906,109,438
33,7,0.24034173786640167,1.5183844566345215,-0.05257783457636833,-0.42513784766197205,8.994598447315221,-1.9588479912084036,151,439
33,8,0.28841009736061096,1.5105410814285278,-0.03324052691459656,-0.38648897409439087,10.80947790068562,-1.2382694684427968,191,439
33,9,0.24034173786640167,1.518442153930664,-0.05088357999920845,-0.3478400707244873,8.994262260626726,-1.8957031810322706,216,434
33,10,0.28841009736061096,1.5108236074447632,-0.015849584713578224,-0.30919116735458374,10.807504125493205,-0.5903900639426438,212,438
33,11,0.24034173786640167,1.5192725658416748,-0.008161844685673714,-0.2705422639846802,8.989426432248262,-0.3040211524115747,184,444
33,12,0.28841009736061096,1.5105432271957397,0.03314298018813133,-0.2318933755159378,10.809462907303313,1.234635112069322,157,432
33,13,0.18025630712509155,1.1385400295257568,-0.046049147844314575,-0.19324448704719543,8.99652824957345,-2.287647764533368,65,435
33,14,0.24034173786640167,1.8864303827285767,-0.2837640345096588,-0.15459558367729187,7.260684489046055,-8.486919698336221,43,439
33,15,0.48068347573280334,1.8483033180236816,0.2227642983198166,-0.1159466877579689,14.577834453333935,6.653121431623968,114,442
33,16,0.48068347573280334,1.4507102966308594,0.174363374710083,-0.07729779183864594,18.332281246683642,6.50883463797945,206,452
33,17,0.5768201947212219,1.401391863822937,0.26343730092048645,-0.03864889591932297,22.372321082550975,9.86136441914352,208,472
33,18,0.0,1.1909713745117188,-0.9734509587287903,-0.03864889591932297,0.0,-39.261149646578,208,472
34,0,0.24034173786640167,1.49796724319458,0.2536722719669342,0.0,9.115149706243086,9.49237759245764,127,454
34,1,0.38454678654670715,1.4781792163848877,0.18201591074466705,0.03864889591932297,14.582210310986403,6.795815248045867,207,503
34,2,0.33647844195365906,1.4843039512634277,0.22280831634998322,0.07729779183864594,12.772572125053312,8.328665301871682,185,471
34,3,0.07210252434015274,1.142318844795227,0.14420504868030548,0.1159466877579689,3.611686138366114,7.180755613108864,43,445
34,4,0.24034173786640167,1.9076534509658813,-1.430224448801306e-14,0.15459558367729187,7.180755615431173,-4.2619429897998173e-13,41,447
34,5,0.5407689213752747,1.8176710605621338,0.31709030270576477,0.15459558367729187,16.568082817555013,9.492376865568458,41,447
34,6,0.10815379023551941,1.1226975917816162,-0.2423609495162964,-0.42513784766197205,5.5025438151834996,-12.12725355848199,37,444
34,7,0.2523588240146637,1.0993008613586426,-0.2423609495162964,-0.42513784766197205,12.928982989299817,-12.127252471950415,37,444
34,8,0.14420504868030548,1.5296794176101685,-0.07283904403448105,-0.38648897409439087,5.385438409435463,-2.714189280449413,73,434
34,9,0.14420504868030548,1.5193591117858887,0.19176124036312103,-0.3478400707244873,5.421801952777051,7.1615284310092235,51,449
34,10,0.24034173786640167,1.5190843343734741,-0.025266997516155243,-0.30919116735458374,8.990522129044951,-0.9412101830924182,153,431
34,11,0.19227339327335358,1.5245405435562134,0.06947565823793411,-0.2705422639846802,7.188130232912949,2.5887725366330994,133,434
34,12,0.33647844195365906,1.4657344818115234,-0.3231479227542877,-0.2318933755159378,12.928983358185583,-12.127252092780367,53,440
34,13,0.5287518501281738,1.362125039100647,-0.48068347573280334,-0.2318933755159378,21.215295085986902,-18.209956400513516,53,440
34,14,0.19227339327335358,1.526122808456421,-1.1441796437443395e-14,-0.19324448704719543,7.180755503550125,-4.2619431731943363e-13,76,442
34,15,0.19227339327335358,1.526122808456421,-1.1441796437443395e-14,-0.15459558367729187,7.180755503550125,-4.2619431731943363e-13,47,442
34,16,0.33647844195365906,1.499677300453186,0.061398863792419434,-0.15459558367729187,12.6458707603267,2.2876479813850055,47,442
34,17,0.43261513113975525,1.475806474685669,0.029308447614312172,-0.07729779183864594,16.337872118274962,1.0917735352633464,180,468
34,18,0.43261513113975525,1.474237322807312,0.07408251613378525,-0.03864889591932297,16.35433303825353,2.760560154793362,224,484
35,0,0.07210252434015274,1.1174845695495605,0.2773367762565613,0.0,3.6917304210261737,13.91023271645625,118,449
35,1,0.048068348318338394,1.473136305809021,0.4399758577346802,0.03864889591932297,1.8688947222892731,16.620744068543317,135,467
35,2,0.62488853931427,1.3242592811584473,-0.47103238105773926,0.03864889591932297,25.261583756413383,-17.831917505235605,135,467
35,3,0.048068348318338394,1.3154785633087158,0.7957546710968018,0.07729779183864594,2.092689893186883,31.153509239985013,77,443
35,4,0.48068347573280334,1.3424758911132812,-0.5768201947212219,0.07729779183864594,19.700284357768336,-22.02431364508352,77,443
35,5,0.19227339327335358,1.5091443061828613,-0.22701121866703033,0.1159466877579689,7.260684600385494,-8.486919366881342,44,435
35,6,0.19227339327335358,1.5030094385147095,0.2646002769470215,-0.2318933755159378,7.290002526831984,9.905336931436654,60,446
35,7,0.28841009736061096,1.4986227750778198,0.19227339327335358,-0.2318933755159378,10.893395023819188,7.180755839534236,60,446
35,8,0.24034173786640167,1.5187150239944458,0.041956689208745956,-0.19324448704719543,8.992672657476497,1.563034346420879,92,439
35,9,0.24034173786640167,1.510241150856018,0.1656123548746109,-0.15459558367729187,9.042298626295961,6.180858890167807,96,444
35,10,0.33647844195365906,1.4815303087234497,0.24056102335453033,-0.1159466877579689,12.795697770265864,8.997569587183774,116,442
35,11,0.14420504868030548,1.1256831884384155,0.20719178020954132,-0.07729779183864594,7.300085462698892,10.346359058767277,157,464
35,12,0.18025630712509155,1.1211767196655273,0.20336346328258514,-0.03864889591932297,9.133523707517984,10.153140990800225,144,480
36,0,0.24034173786640167,1.4828561544418335,0.33074674010276794,0.0,9.206455092081757,12.416918977502943,162,468
36,1,0.38454678654670715,1.4635708332061768,0.2758694887161255,0.03864889591932297,14.721467462485773,10.331735562712423,152,500
36,2,0.18025630712509155,1.1010299921035767,0.29347389936447144,0.07729779183864594,9.297756491114031,14.73740702035781,135,472
36,3,0.14420504868030548,1.4650450944900513,0.445945680141449,0.1159466877579689,5.621541197618464,16.85295082057165,56,455
36,4,0.14420504868030548,1.1384775638580322,0.11815167218446732,-0.2318933755159378,7.218916349978066,5.878333600559685,43,441
36,5,0.18025630712509155,1.098444938659668,0.30300602316856384,-0.19324448704719543,9.319254160506224,15.227483600056873,85,446
36,6,0.03605126217007637,1.0686899423599243,0.43299925327301025,-0.15459558367729187,1.9320872095984705,22.044892040114327,83,440
36,7,0.0,1.4395021200180054,-0.5420823693275452,-0.1159466877579689,0.0,-20.635184300866303,47,441
36,8,0.14420504868030548,1.5258101224899292,0.13087452948093414,-0.1159466877579689,5.3990147198893395,4.88083325028704,47,441
36,9,0.19227339327335358,1.5122393369674683,0.20538462698459625,-0.07729779183864594,7.245982589444682,7.67326831711213,175,430
36,10,0.19227339327335358,1.5251797437667847,0.05364255607128143,-0.03864889591932297,7.1851491911609005,1.9985314009551869,195,453
37,0,0.19227339327335358,1.5205447673797607,0.1303623765707016,0.0,7.206821269479343,4.8616869327323124,213,444
37,1,0.24034173786640167,1.508933186531067,0.1771334707736969,0.03864889591932297,9.050006953962546,6.612697548663578,225,488
37,2,0.24034173786640167,1.4967998266220093,0.2604720890522003,0.07729779183864594,9.122139505676314,9.749276822696965,208,469
37,3,0.10815379023551941,1.118604063987732,0.2606024146080017,0.1159466877579689,5.522556094087922,13.055555889931433,104,444
37,4,0.07210252434015274,1.127321720123291,0.23416492342948914,0.15459558367729187,3.6596038469293095,11.711224376963502,67,439
37,5,0.0,1.058541178703308,0.4586685001850128,0.15459558367729187,0.0,23.427203714090002,67,439
37,6,0.24034173786640167,1.5162497758865356,0.09613669663667679,-0.07729779183864594,9.007054204475075,3.5833216255430886,92,449
37,7,0.48068347573280334,1.861574411392212,0.019735906273126602,-0.03864889591932297,14.478292123213958,0.5881230010780831,145,444
38,0,0.14420504868030548,1.1328978538513184,0.16319745779037476,0.0,7.254092893423051,8.132514271190919,178,433
38,1,0.19227339327335358,1.4931557178497314,0.3154942989349365,0.03864889591932297,7.337588541276376,11.835814081375071,204,481
38,2,0.19227339327335358,1.5119832754135132,0.20726148784160614,0.07729779183864594,7.247196685186879,7.743816704503601,172,462
38,3,0.21630758047103882,1.1331260204315186,-0.011073315516114235,0.1159466877579689,10.807427051565865,-0.549966860859125,92,445
38,4,0.24034173786640167,1.49796724319458,0.2536722719669342,0.15459558367729187,9.115149706243086,9.49237759245764,35,443
38,5,0.07210252434015274,1.1308103799819946,0.21669167280197144,0.19324448704719543,3.64834415397716,10.826344251903242,62,450
38,6,0.24034173786640167,1.5087028741836548,0.17908474802970886,-0.07729779183864594,9.051365621279475,6.6858725786873885,151,434
38,7,0.24034173786640167,1.4990187883377075,0.2473832070827484,-0.03864889591932297,9.108862762463733,9.254945699830932,210,448
39,0,0.3004271686077118,1.8940174579620361,0.13909345865249634,0.0,9.013110328507626,4.148486543629747,169,419
39,1,0.24034173786640167,1.8864303827285767,0.2837640345096588,0.03864889591932297,7.260684489046055,8.486919698336221,219,447
39,2,0.24034173786640167,1.8610883951187134,0.418916791677475,0.07729779183864594,7.3584750433325645,12.58428738872592,155,437
39,3,0.09613669663667679,1.5295473337173462,-0.1313866823911667,0.1159466877579689,3.5964828143255825,-4.899980082698704,81,445
39,4,0.28841009736061096,1.508288025856018,-0.08891783654689789,0.1159466877579689,10.825243661689601,-3.3139391523593087,81,445
39,5,0.19227339327335358,1.318160057067871,-0.7690935730934143,-0.1159466877579689,8.298920556312257,-29.999998487338416,35,435
39,6,0.24034173786640167,1.8926149606704712,0.2390613555908203,-0.07729779183864594,7.23721041081964,7.142301322734643,95,441
39,7,0.07210252434015274,0.7484651207923889,-0.16157396137714386,-0.03864889591932297,5.502543191304813,-12.127252271872662,39,437
39,8,0.24034173786640167,1.8990832567214966,0.1806223839521408,-0.03864889591932297,7.212820443558994,5.390336121856292,185,436
40,0,0.28841009736061096,1.5085021257400513,0.08520866930484772,0.0,10.82374354371005,3.1755548443948554,112,411
40,1,0.28841009736061096,1.510823369026184,0.015871629118919373,0.03864889591932297,10.807505790826008,0.5912112401177914,168,454
40,2,0.28841009736061096,1.5108118057250977,0.01694130152463913,0.07729779183864594,10.80758656007574,0.6310576083765044,188,441
40,3,0.24034173786640167,1.5180532932281494,-0.061398863792419434,0.1159466877579689,8.996528529967863,-2.2876478823980793,133,437
40,4,0.24034173786640167,1.39429771900177,-0.6034812331199646,0.15459558367729187,9.780235285929075,-23.099728710986223,73,433
40,5,0.06008543446660042,1.9215058088302612,0.033326294273138046,-0.03864889591932297,1.7910538529429185,0.9931440211636458,72,451
41,0,0.24034173786640167,1.5141454935073853,-0.1249757781624794,0.0,9.019366119255636,-4.660347380094325,161,425
41,1,0.24034173786640167,1.5185127258300781,0.04873233288526535,0.03864889591932297,8.993851090959437,1.8155295353858047,190,456
41,2,0.28841009736061096,1.5108314752578735,0.015089191496372223,0.07729779183864594,10.80744916979517,0.562064789833694,199,447
41,3,0.24034173786640167,1.5185949802398682,0.046094223856925964,0.1159466877579689,8.993371903093193,1.7172162771287056,152,451
41,4,0.19227339327335358,1.5256086587905884,0.03961227834224701,0.15459558367729187,7.183150236238876,1.4756768604075565,99,436
41,5,0.0,1.665136456489563,-0.9613669514656067,-0.07729779183864594,0.0,-29.999999261983223,36,446
41,6,0.5407689213752747,1.7445482015609741,0.6008543372154236,-0.07729779183864594,17.222207075309356,18.209957347409805,36,446
41,7,0.09613669663667679,1.4904366731643677,-0.3679347634315491,-0.03864889591932297,3.6906008804284256,-13.839343720169598,91,451
41,8,0.5768201947212219,1.4030996561050415,0.25418442487716675,-0.03864889591932297,22.347770799838557,9.511719563608619,91,451
42,0,0.33647844195365906,1.191430687904358,0.9128498435020447,0.0,15.770499912655168,36.40280205889147,83,430
42,1,0.5407689213752747,1.8040766716003418,0.38701683282852173,0.03864889591932297,16.6860129171089,11.612092255422132,112,462
42,2,0.38454678654670715,1.4809881448745728,0.15753556787967682,0.07729779183864594,14.555728606759907,5.878333937639803,91,442
42,3,0.09613669663667679,1.5230917930603027,0.19227339327335358,0.1159466877579689,3.6116860453113526,7.180755430271158,33,439
42,4,0.43261513113975525,1.440291404724121,0.3231479227542877,-0.07729779183864594,16.71850162652824,12.127252433241202,80,446
42,5,0.43261513113975525,1.4179843664169312,0.41010257601737976,-0.03864889591932297,16.966507849783092,15.462892696379324,135,457
43,0,0.10815379023551941,1.13997483253479,-0.14016510546207428,0.0,5.419648655713371,-6.978569662483219,121,410
43,1,0.19227339327335358,1.515979528427124,0.1756613552570343,0.03864889591932297,7.228294772025823,6.557498527186758,145,426
43,2,0.09613669663667679,1.5230917930603027,0.19227339327335358,0.07729779183864594,3.6116860453113526,7.180755430271158,69,435
43,3,0.19227339327335358,1.5138318538665771,-0.19329769909381866,-0.07729779183864594,7.238440869648729,-7.219212930205858,115,429
43,4,-0.48068347573280334,1.1003347635269165,-0.9613669514656067,-0.07729779183864594,-23.598208920832207,-38.682187617018364,115,429
43,5,0.14420504868030548,1.1427109241485596,-0.06559600681066513,-0.03864889591932297,7.192453272680868,-3.2595967102813614,154,448
44,0,0.43261513113975525,1.448248267173767,0.28537797927856445,0.0,16.631734375313428,10.691963267654385,178,414
44,1,0.43261513113975525,1.453939437866211,0.25480130314826965,0.03864889591932297,16.57020881061137,9.5350196376988,187,438
44,2,0.48068347573280334,1.8591046333312988,0.09787086397409439,0.07729779183864594,14.496716281969421,2.917726709954551,102,438
44,3,0.24034173786640167,1.5162497758865356,0.09613669663667679,-0.1159466877579689,9.007054204475075,3.5833216255430886,35,443
44,4,0.48068347573280334,1.4462859630584717,0.20789426565170288,-0.07729779183864594,18.38459586469195,7.767604732309982,152,444
44,5,0.48068347573280334,1.4300041198730469,0.3000854253768921,-0.03864889591932297,18.579623987022366,11.250000116037226,217,449
45,0,0.5287518501281738,1.4253342151641846,0.23423007130622864,0.0,20.35318799941963,8.758887793731999,120,405
45,1,0.0,1.2950491905212402,-0.8299803137779236,0.0,0.0,-32.65528619716245,120,405
45,2,0.5407689213752747,1.8423980474472046,0.10022059082984924,0.03864889591932297,16.357682404034367,2.987839432338578,173,445
45,3,0.48068347573280334,1.844181776046753,0.25464197993278503,0.07729779183864594,14.609021929360097,7.610466276968526,107,444
45,4,0.3605126142501831,1.8857184648513794,0.10489172488451004,-0.07729779183864594,10.823234414255179,3.1272335877195316,114,446
45,5,0.42059803009033203,1.8690211772918701,0.16359315812587738,-0.03864889591932297,12.682375356389331,4.880833339174528,175,451
46,0,0.43261513113975525,1.449879765510559,0.27696990966796875,0.0,16.614051378672116,10.373403965401549,128,411
46,1,-0.09613669663667679,1.2495228052139282,-0.891891360282898,0.0,-4.3995968883229155,-35.43878353912884,128,411
46,2,0.12017086893320084,1.9060500860214233,0.22234618663787842,0.03864889591932297,3.607556022880646,6.64057766535216,114,432
46,3,0.0,1.9016791582107544,-0.2837640345096588,0.07729779183864594,0.0,-8.48691983601688,49,434
46,4,0.43261513113975525,1.4197328090667725,0.40400803089141846,-0.07729779183864594,16.946811266494358,15.227485066713594,83,446
46,5,-0.048068348318338394,1.326542615890503,-0.7771704196929932,-0.07729779183864594,-2.075251100728448,-30.34800793773896,83,446
46,6,0.48068347573280334,1.4181597232818604,0.35183218121528625,-0.03864889591932297,18.72402548046877,13.222414512931964,155,443
46,7,-0.048068348318338394,1.2382527589797974,-0.9112845063209534,-0.03864889591932297,-2.223077057075963,-36.3303902157887,155,443
47,0,0.28841009736061096,1.4986227750778198,0.19227339327335358,0.0,10.893395023819188,7.180755839534236,73,410
47,1,0.38454678654670715,1.4880982637405396,0.06088671833276749,0.0,14.489115354984593,2.2685558934831587,73,410
47,2,0.38454678654670715,1.4483659267425537,0.3469577133655548,0.03864889591932297,14.8692000208909,13.035971610145713,68,442
47,3,0.38454678654670715,1.4719406366348267,0.22701121866703033,0.07729779183864594,14.641364194981772,8.486919594213123,32,439
47,4,0.5768201947212219,1.4172087907791138,-0.15753556787967682,0.07729779183864594,22.146885631711477,-5.8783337164929845,32,439
47,5,0.0,1.9227339029312134,0.0,-0.5024356245994568,0.0,0.0,31,434
47,6,0.06008543446660042,1.9215643405914307,-0.029762249439954758,-0.03864889591932297,1.7909993321252409,-0.8869242945212036,59,442
47,7,0.24034173786640167,1.8974626064300537,-0.19691944122314453,-0.03864889591932297,7.218916054744485,-5.8783332362806835,59,442
48,0,0.09613669663667679,1.5347869396209717,0.034737829118967056,0.0,3.5842368508433298,1.2940558826157438,93,404
48,1,0.38454678654670715,1.4706698656082153,0.23510338366031647,0.03864889591932297,14.653471173865473,8.791803365069368,120,438
48,2,0.43261513113975525,1.4729634523391724,0.09613669663667679,0.07729779183864594,16.367720105524857,3.583321891091331,35,441
48,3,0.19227339327335358,1.517970085144043,-0.15753556787967682,-0.07729779183864594,7.2189161654570775,-5.878333786985203,69,436
48,4,0.28841009736061096,1.5096378326416016,0.06191101670265198,-0.03864889591932297,10.81579293363911,2.3067403722525417,138,434
49,0,0.33647844195365906,1.4899382591247559,0.1813453584909439,0.0,12.72584746446133,6.7706617305676025,91,414
49,1,0.33647844195365906,1.465959906578064,0.32212361693382263,0.03864889591932297,12.92706202286932,12.088229977701987,136,447
49,2,0.33647844195365906,1.4096605777740479,0.5154212713241577,0.07729779183864594,13.424994814998731,19.577620791327508,59,453
49,3,0.5287518501281738,1.2972081899642944,0.6353678107261658,0.07729779183864594,22.176180001263386,24.397376778183958,59,453
49,4,0.38454678654670715,1.4719406366348267,0.22701121866703033,-0.07729779183864594,14.641364194981772,8.486919594213123,60,441
49,5,0.24034173786640167,1.4845306873321533,0.3231479227542877,-0.07729779183864594,9.19624785497525,12.12725157367441,60,441
49,6,0.28841009736061096,1.501752495765686,0.16606879234313965,-0.03864889591932297,10.871234193940671,6.197960566676766,139,432
50,0,0.28841009736061096,1.5105074644088745,0.034737829118967056,0.0,10.809712802374234,1.2940558908695106,56,404
50,1,0.28841009736061096,1.501859188079834,0.16510020196437836,0.03864889591932297,10.870480300322814,6.161671156864426,110,428
50,2,0.19227339327335358,1.5214018821716309,0.11994650214910507,-0.03864889591932297,7.202803803534338,4.472415531096168,64,447
